[{"name":"theme_info","theme_name":"Narrative","theme_author":"Shopify","theme_version":"2.2.0","theme_documentation_url":"https:\/\/help.shopify.com\/manual\/using-themes\/themes-by-shopify\/narrative","theme_support_url":"https:\/\/support.shopify.com\/"},{"name":"Colors","settings":[{"type":"header","content":"Accent Colors"},{"type":"color","id":"color_primary","label":"Primary accent","default":"#eb4f47","info":"Sales tags, buttons, and special ornaments."},{"type":"header","content":"Text & Icon Colors"},{"type":"color","id":"color_header_text","label":"Header icons","default":"#4a4a4a"},{"type":"color","id":"color_primary_heading_text","label":"Primary heading text","default":"#3a3a3a"},{"type":"color","id":"color_primary_body_text","label":"Primary body text","default":"#4a4a4a"},{"type":"color","id":"color_footer_text","label":"Footer text","default":"#4a4a4a"},{"type":"color","id":"color_button_text","label":"Button label","default":"#ffffff"},{"type":"header","content":"Background colors"},{"type":"color","id":"color_header_bg","label":"Header background","default":"#fff"},{"type":"color","id":"color_footer_bg","label":"Footer background","default":"#eae7df"},{"type":"color","id":"color_main_bg","label":"Main background","default":"#faf9f6"},{"type":"color","id":"color_secondary_bg","label":"Secondary background","default":"#f1eee6","info":"Social sharing sections, cart drawer, blog comments."},{"type":"header","content":"Other Colors"},{"type":"color","id":"color_product_cards","label":"Product Cards","default":"#fff"},{"type":"color","id":"color_form_elements","label":"Form elements","default":"#fff"},{"type":"color","id":"color_cart_flag","label":"Cart flag","default":"#eb4f47"},{"type":"color","id":"color_alert","label":"Out of stock alert","default":"#eb4f47"},{"type":"color","id":"color_affirm","label":"In stock color","default":"#42C0A4"}]},{"name":"Typography","settings":[{"type":"header","content":"Global"},{"type":"select","id":"type_base_size","label":"Base size","default":"62.5%","options":[{"value":"50%","label":"Small"},{"value":"62.5%","label":"Medium"},{"value":"75%","label":"Large"}]},{"type":"header","content":"Headings"},{"type":"select","id":"type_header_family","label":"Font","default":"Baskerville MT, 'Baskerville Old Face', 'Hoefler Text', Garamond, 'Times New Roman', serif","options":[{"value":"'Avant Garde', Avantgarde, 'Century Gothic', CenturyGothic, 'AppleGothic', sans-serif","label":"Avant Garde","group":"Sans-serif"},{"value":"'Gill Sans', 'Gill Sans MT', Calibri, sans-serif","label":"Gill Sans","group":"Sans-serif"},{"value":"'HelveticaNeue', 'Helvetica Neue', Helvetica, Arial, sans-serif","label":"Helvetica Neue","group":"Sans-serif"},{"value":"Arial, 'Helvetica Neue', Helvetica, sans-serif","label":"Arial","group":"Sans-serif"},{"value":"Candara, Calibri, Segoe, 'Segoe UI', Optima, Arial, sans-serif","label":"Candara","group":"Sans-serif"},{"value":"Geneva, Tahoma, Verdana, sans-serif","label":"Geneva","group":"Sans-serif"},{"value":"Google_Droid+Sans_400_sans","label":"Droid Sans","group":"Sans-serif | Google Web Fonts"},{"value":"Google_Lato_400_sans","label":"Lato","group":"Sans-serif | Google Web Fonts"},{"value":"Google_Montserrat_400_sans","label":"Montserrat","group":"Sans-serif | Google Web Fonts"},{"value":"Google_Nunito_400_sans","label":"Nunito","group":"Sans-serif | Google Web Fonts"},{"value":"Google_Open+Sans_400_sans","label":"Open Sans","group":"Sans-serif | Google Web Fonts"},{"value":"Google_PT+Sans_400_sans","label":"PT Sans","group":"Sans-serif | Google Web Fonts"},{"value":"Google_Roboto_400_sans","label":"Roboto","group":"Sans-serif | Google Web Fonts"},{"value":"Google_Source+Sans+Pro_400_sans","label":"Source Sans Pro","group":"Sans-serif | Google Web Fonts"},{"value":"Google_Teko_400_sans","label":"Teko","group":"Sans-serif | Google Web Fonts"},{"value":"Google_Titillium+Web_400_sans","label":"Titillium Web","group":"Sans-serif | Google Web Fonts"},{"value":"Google_Ubuntu_400_sans","label":"Ubuntu","group":"Sans-serif | Google Web Fonts"},{"value":"Google_Work+Sans_400_sans","label":"Work Sans","group":"Sans-serif | Google Web Fonts"},{"value":"'Big Caslon', 'Book Antiqua', 'Palatino Linotype', Georgia, serif","label":"Big Caslon","group":"Serif"},{"value":"'VitalBrown', 'Helvetica Neue', Helvetica, sans-serif","label":"VagiVital","group":"Serif"},{"value":"'Calisto MT', 'Bookman Old Style', Bookman, 'Goudy Old Style', Garamond, 'Hoefler Text', 'Bitstream Charter', Georgia, serif","label":"Calisto MT","group":"Serif"},{"value":"Baskerville MT, 'Baskerville Old Face', 'Hoefler Text', Garamond, 'Times New Roman', serif","label":"Baskerville MT","group":"Serif"},{"value":"Garamond, Baskerville, 'Baskerville Old Face', 'Hoefler Text', 'Times New Roman', serif","label":"Garamond","group":"Serif"},{"value":"TimesNewRoman, 'Times New Roman', Times, Baskerville, Georgia, serif","label":"Times New Roman","group":"Serif"},{"value":"Google_Arvo_400_serif","label":"Arvo","group":"Serif | Google Web Fonts"},{"value":"Google_Crimson+Text_400_serif","label":"Crimson Text","group":"Serif | Google Web Fonts"},{"value":"Google_Droid+Serif_400_serif","label":"Droid Serif","group":"Serif | Google Web Fonts"},{"value":"Google_Libre+Baskerville_400_serif","label":"Libre Baskerville","group":"Serif | Google Web Fonts"},{"value":"Google_Lora_400_serif","label":"Lora","group":"Serif | Google Web Fonts"},{"value":"Google_Old+Standard+TT_400_serif","label":"Old Standard","group":"Serif | Google Web Fonts"},{"value":"Google_PT+Serif_400_serif","label":"PT Serif","group":"Serif | Google Web Fonts"},{"value":"Google_Vollkorn_400_serif","label":"Vollkorn","group":"Serif | Google Web Fonts"}]},{"type":"checkbox","id":"type_bold_titles","label":"Bold headings"},{"type":"header","content":"Body text"},{"type":"select","id":"type_base_family","label":"Font","default":"'Avenir', 'HelveticaNeue', 'Helvetica Neue', Helvetica, Arial, sans-serif","options":[{"value":"'Avant Garde', Avantgarde, 'Century Gothic', CenturyGothic, 'AppleGothic', sans-serif","label":"Avant Garde","group":"Sans-serif"},{"value":"'Avenir', 'HelveticaNeue', 'Helvetica Neue', Helvetica, Arial, sans-serif","label":"Avenir","group":"Sans-serif"},{"value":"'Gill Sans', 'Gill Sans MT', Calibri, sans-serif","label":"Gill Sans","group":"Sans-serif"},{"value":"'HelveticaNeue', 'Helvetica Neue', Helvetica, Arial, sans-serif","label":"Helvetica Neue","group":"Sans-serif"},{"value":"Arial, 'Helvetica Neue', Helvetica, sans-serif","label":"Arial","group":"Sans-serif"},{"value":"Candara, Calibri, Segoe, 'Segoe UI', Optima, Arial, sans-serif","label":"Candara","group":"Sans-serif"},{"value":"Geneva, Tahoma, Verdana, sans-serif","label":"Geneva","group":"Sans-serif"},{"value":"Google_Droid+Sans_400_sans","label":"Droid Sans","group":"Sans-serif | Google Web Fonts"},{"value":"Google_Lato_400_sans","label":"Lato","group":"Sans-serif | Google Web Fonts"},{"value":"Google_Montserrat_400_sans","label":"Montserrat","group":"Sans-serif | Google Web Fonts"},{"value":"Google_Nunito_400_sans","label":"Nunito","group":"Sans-serif | Google Web Fonts"},{"value":"Google_Open+Sans_400_sans","label":"Open Sans","group":"Sans-serif | Google Web Fonts"},{"value":"Google_PT+Sans_400_sans","label":"PT Sans","group":"Sans-serif | Google Web Fonts"},{"value":"Google_Roboto_400_sans","label":"Roboto","group":"Sans-serif | Google Web Fonts"},{"value":"Google_Source+Sans+Pro_400_sans","label":"Source Sans Pro","group":"Sans-serif | Google Web Fonts"},{"value":"Google_Teko_400_sans","label":"Teko","group":"Sans-serif | Google Web Fonts"},{"value":"Google_Titillium+Web_400_sans","label":"Titillium Web","group":"Sans-serif | Google Web Fonts"},{"value":"Google_Ubuntu_400_sans","label":"Ubuntu","group":"Sans-serif | Google Web Fonts"},{"value":"Google_Work+Sans_400_sans","label":"Work Sans","group":"Sans-serif | Google Web Fonts"},{"value":"'Big Caslon', 'Book Antiqua', 'Palatino Linotype', Georgia, serif","label":"Big Caslon","group":"Serif"},{"value":"'VitalBrown', 'Helvetica Neue', Helvetica, sans-serif","label":"VagiVital","group":"Serif"},{"value":"'Calisto MT', 'Bookman Old Style', Bookman, 'Goudy Old Style', Garamond, 'Hoefler Text', 'Bitstream Charter', Georgia, serif","label":"Calisto MT","group":"Serif"},{"value":"Baskerville MT, 'Baskerville Old Face', 'Hoefler Text', Garamond, 'Times New Roman', serif","label":"Baskerville MT","group":"Serif"},{"value":"Garamond, Baskerville, 'Baskerville Old Face', 'Hoefler Text', 'Times New Roman', serif","label":"Garamond","group":"Serif"},{"value":"TimesNewRoman, 'Times New Roman', Times, Baskerville, Georgia, serif","label":"Times New Roman","group":"Serif"},{"value":"Google_Arvo_400_serif","label":"Arvo","group":"Serif | Google Web Fonts"},{"value":"Google_Crimson+Text_400_serif","label":"Crimson Text","group":"Serif | Google Web Fonts"},{"value":"Google_Droid+Serif_400_serif","label":"Droid Serif","group":"Serif | Google Web Fonts"},{"value":"Google_Libre+Baskerville_400_serif","label":"Libre Baskerville","group":"Serif | Google Web Fonts"},{"value":"Google_Lora_400_serif","label":"Lora","group":"Serif | Google Web Fonts"},{"value":"Google_Old+Standard+TT_400_serif","label":"Old Standard","group":"Serif | Google Web Fonts"},{"value":"Google_PT+Serif_400_serif","label":"PT Serif","group":"Serif | Google Web Fonts"},{"value":"Google_Vollkorn_400_serif","label":"Vollkorn","group":"Serif | Google Web Fonts"}]}]},{"name":"Cart drawer","settings":[{"type":"checkbox","id":"show_cart_drawer","label":"Show cart drawer","default":true},{"type":"checkbox","id":"show_cart_note","label":"Show cart note"}]},{"name":"Social","settings":[{"type":"header","content":"Social sharing image"},{"type":"image_picker","id":"share_image","label":"Image","info":"Shown when sharing a link on social media. [Learn more](https:\/\/help.shopify.com\/manual\/using-themes\/troubleshooting\/showing-social-media-thumbnail-images\/) about image thumbnails."},{"type":"header","content":"Social sharing","info":"Allow customers to share products and blog posts on various social networks."},{"type":"checkbox","id":"share_facebook","label":"Share on Facebook"},{"type":"checkbox","id":"share_twitter","label":"Tweet on Twitter"},{"type":"checkbox","id":"share_pinterest","label":"Pin on Pinterest"},{"type":"header","content":"Social links","info":"Links to your store's social network profiles and pages."},{"type":"text","id":"social_facebook_link","label":"Facebook link","info":"https:\/\/facebook.com\/shopify"},{"type":"text","id":"social_twitter_link","label":"Twitter link","info":"https:\/\/twitter.com\/shopify"},{"type":"text","id":"social_pinterest_link","label":"Pinterest link","info":"https:\/\/pinterest.com\/shopify"},{"type":"text","id":"social_instagram_link","label":"Instagram link","info":"http:\/\/instagram.com\/shopify"},{"type":"text","id":"social_snapchat_link","label":"Snapchat link","info":"https:\/\/www.snapchat.com\/add\/shopify"},{"type":"text","id":"social_tumblr_link","label":"Tumblr link","info":"http:\/\/shopify.tumblr.com"},{"type":"text","id":"social_youtube_link","label":"YouTube link","info":"https:\/\/www.youtube.com\/shopify"},{"type":"text","id":"social_vimeo_link","label":"Vimeo link","info":"https:\/\/vimeo.com\/shopify"}]},{"name":"Favicon","settings":[{"type":"image_picker","id":"favicon","label":"Favicon image","info":"Will be scaled down to 32 x 32px"}]}]